Metric,Value
Accuracy,0.9075018208302986
Precision,0.5689368770764119
Recall,0.7381465517241379
F1_Score,0.6425891181988743
ROC_AUC,0.9475205935421482
